{"cameraMode":{"drawMode":0,"name":"Shaded","section":"Shading Mode"},"sceneLighting":true,"audioPlay":false,"sceneViewState":{"m_AlwaysRefresh":false,"showFog":true,"showSkybox":false,"showFlares":true,"showImageEffects":true,"showParticleSystems":true,"showVisualEffectGraphs":true,"m_FxEnabled":true},"in2DMode":false,"pivot":{"x":22.6871337890625,"y":1.8699188232421876,"z":50.435272216796878},"rotation":{"x":0.12637652456760407,"y":0.8720255494117737,"z":-0.30485183000564577,"w":0.36149904131889346},"size":2.4248719215393068,"orthographic":false}