{"cameraMode":{"drawMode":0,"name":"Shaded","section":"Shading Mode"},"sceneLighting":false,"audioPlay":false,"sceneViewState":{"m_AlwaysRefresh":false,"showFog":true,"showSkybox":false,"showFlares":true,"showImageEffects":true,"showParticleSystems":true,"showVisualEffectGraphs":true,"m_FxEnabled":true},"in2DMode":false,"pivot":{"x":58.885414123535159,"y":2.980069875717163,"z":83.78839111328125},"rotation":{"x":0.026005584746599199,"y":0.9586443305015564,"z":-0.09423315525054932,"w":0.2680405080318451},"size":0.8660253882408142,"orthographic":false}