{"cameraMode":{"drawMode":0,"name":"Shaded","section":"Shading Mode"},"sceneLighting":false,"audioPlay":false,"sceneViewState":{"m_AlwaysRefresh":false,"showFog":true,"showSkybox":false,"showFlares":true,"showImageEffects":true,"showParticleSystems":true,"showVisualEffectGraphs":true,"m_FxEnabled":true},"in2DMode":false,"pivot":{"x":57.62700653076172,"y":2.8624610900878908,"z":79.80229187011719},"rotation":{"x":-0.04951835796236992,"y":0.6574963927268982,"z":0.042987316846847537,"w":0.7508599162101746},"size":0.1267087459564209,"orthographic":false}