{"cameraMode":{"drawMode":0,"name":"Shaded","section":"Shading Mode"},"sceneLighting":false,"audioPlay":false,"sceneViewState":{"m_AlwaysRefresh":false,"showFog":true,"showSkybox":false,"showFlares":true,"showImageEffects":true,"showParticleSystems":true,"showVisualEffectGraphs":true,"m_FxEnabled":true},"in2DMode":false,"pivot":{"x":28.378610610961915,"y":4.308485984802246,"z":48.2808723449707},"rotation":{"x":0.47462090849876406,"y":0.015132011845707894,"z":-0.007877861149609089,"w":0.8800771832466126},"size":2.1139495372772219,"orthographic":false}