{"cameraMode":{"drawMode":0,"name":"Shaded","section":"Shading Mode"},"sceneLighting":false,"audioPlay":false,"sceneViewState":{"m_AlwaysRefresh":false,"showFog":true,"showSkybox":false,"showFlares":true,"showImageEffects":true,"showParticleSystems":true,"showVisualEffectGraphs":true,"m_FxEnabled":true},"in2DMode":false,"pivot":{"x":0.017491281032562257,"y":0.47970864176750185,"z":1.0287387371063233},"rotation":{"x":0.3590443432331085,"y":0.07888343930244446,"z":-0.030186792835593225,"w":0.9295411705970764},"size":6.924697399139404,"orthographic":false}