{"cameraMode":{"drawMode":0,"name":"Shaded","section":"Shading Mode"},"sceneLighting":false,"audioPlay":false,"sceneViewState":{"m_AlwaysRefresh":false,"showFog":true,"showSkybox":false,"showFlares":true,"showImageEffects":true,"showParticleSystems":true,"showVisualEffectGraphs":true,"m_FxEnabled":true},"in2DMode":false,"pivot":{"x":35.18156433105469,"y":2.2349343299865724,"z":50.796424865722659},"rotation":{"x":0.03851476311683655,"y":-0.9586659669876099,"z":-0.15777269005775453,"w":-0.23407326638698579},"size":1.9259834289550782,"orthographic":false}