{"cameraMode":{"drawMode":0,"name":"Shaded","section":"Shading Mode"},"sceneLighting":false,"audioPlay":false,"sceneViewState":{"m_AlwaysRefresh":false,"showFog":true,"showSkybox":false,"showFlares":true,"showImageEffects":true,"showParticleSystems":true,"showVisualEffectGraphs":true,"m_FxEnabled":true},"in2DMode":false,"pivot":{"x":35.732521057128909,"y":2.0861399173736574,"z":51.43870162963867},"rotation":{"x":-0.04219549149274826,"y":-0.9348405003547669,"z":0.11879409104585648,"w":-0.3322467803955078},"size":2.5259833335876467,"orthographic":false}