{"cameraMode":{"drawMode":0,"name":"Shaded","section":"Shading Mode"},"sceneLighting":false,"audioPlay":false,"sceneViewState":{"m_AlwaysRefresh":false,"showFog":true,"showSkybox":false,"showFlares":true,"showImageEffects":true,"showParticleSystems":true,"showVisualEffectGraphs":true,"m_FxEnabled":true},"in2DMode":false,"pivot":{"x":42.222999572753909,"y":1.7971352338790894,"z":50.69953536987305},"rotation":{"x":0.001552680623717606,"y":-0.9965968132019043,"z":0.018323801457881929,"w":0.0807790607213974},"size":2.240464210510254,"orthographic":false}