{"cameraMode":{"drawMode":0,"name":"Shaded","section":"Shading Mode"},"sceneLighting":false,"audioPlay":false,"sceneViewState":{"m_AlwaysRefresh":false,"showFog":true,"showSkybox":false,"showFlares":true,"showImageEffects":true,"showParticleSystems":true,"showVisualEffectGraphs":true,"m_FxEnabled":true},"in2DMode":false,"pivot":{"x":44.01407241821289,"y":1.9144065380096436,"z":53.56486129760742},"rotation":{"x":0.054362982511520389,"y":-0.009405868127942086,"z":0.0004526267293840647,"w":0.9985109567642212},"size":2.314450979232788,"orthographic":false}