{"cameraMode":{"drawMode":0,"name":"Shaded","section":"Shading Mode"},"sceneLighting":false,"audioPlay":false,"sceneViewState":{"m_AlwaysRefresh":false,"showFog":true,"showSkybox":false,"showFlares":true,"showImageEffects":true,"showParticleSystems":true,"showVisualEffectGraphs":true,"m_FxEnabled":true},"in2DMode":false,"pivot":{"x":40.31081771850586,"y":0.30851683020591738,"z":53.40399932861328},"rotation":{"x":0.18066030740737916,"y":-0.27653738856315615,"z":0.05297103896737099,"w":0.9424166083335877},"size":3.8817179203033449,"orthographic":false}