{"cameraMode":{"drawMode":0,"name":"Shaded","section":"Shading Mode"},"sceneLighting":false,"audioPlay":false,"sceneViewState":{"m_AlwaysRefresh":false,"showFog":true,"showSkybox":false,"showFlares":true,"showImageEffects":true,"showParticleSystems":true,"showVisualEffectGraphs":true,"m_FxEnabled":true},"in2DMode":false,"pivot":{"x":40.6008415222168,"y":0.6915746331214905,"z":52.439937591552737},"rotation":{"x":0.17959310114383698,"y":-0.29486075043678286,"z":0.05648363009095192,"w":0.9368453025817871},"size":3.8817179203033449,"orthographic":false}