{"cameraMode":{"drawMode":0,"name":"Shaded","section":"Shading Mode"},"sceneLighting":false,"audioPlay":false,"sceneViewState":{"m_AlwaysRefresh":false,"showFog":true,"showSkybox":false,"showFlares":true,"showImageEffects":true,"showParticleSystems":true,"showVisualEffectGraphs":true,"m_FxEnabled":true},"in2DMode":false,"pivot":{"x":-0.10602220892906189,"y":2.3113808631896974,"z":-0.2558196187019348},"rotation":{"x":-0.046558164060115817,"y":-0.7292672395706177,"z":0.6808452010154724,"w":-0.04968274012207985},"size":3.114142656326294,"orthographic":false}