{"cameraMode":{"drawMode":0,"name":"Shaded","section":"Shading Mode"},"sceneLighting":false,"audioPlay":false,"sceneViewState":{"m_AlwaysRefresh":false,"showFog":true,"showSkybox":false,"showFlares":true,"showImageEffects":true,"showParticleSystems":true,"showVisualEffectGraphs":true,"m_FxEnabled":true},"in2DMode":false,"pivot":{"x":-0.34517648816108706,"y":-1.9157427549362183,"z":0.8515247702598572},"rotation":{"x":-0.6408700942993164,"y":-0.07882852107286453,"z":0.06625448912382126,"w":-0.7607231140136719},"size":3.9073946475982668,"orthographic":false}