{"cameraMode":{"drawMode":0,"name":"Shaded","section":"Shading Mode"},"sceneLighting":false,"audioPlay":false,"sceneViewState":{"m_AlwaysRefresh":false,"showFog":true,"showSkybox":false,"showFlares":true,"showImageEffects":true,"showParticleSystems":true,"showVisualEffectGraphs":true,"m_FxEnabled":true},"in2DMode":false,"pivot":{"x":42.34214782714844,"y":1.8760056495666505,"z":55.722389221191409},"rotation":{"x":-0.041385773569345477,"y":0.0009069622028619051,"z":-0.00003499638842185959,"w":-0.9991475939750671},"size":2.62265682220459,"orthographic":false}