{"cameraMode":{"drawMode":0,"name":"Shaded","section":"Shading Mode"},"sceneLighting":false,"audioPlay":false,"sceneViewState":{"m_AlwaysRefresh":false,"showFog":true,"showSkybox":false,"showFlares":true,"showImageEffects":true,"showParticleSystems":true,"showVisualEffectGraphs":true,"m_FxEnabled":true},"in2DMode":false,"pivot":{"x":-0.08634471893310547,"y":-24.358882904052736,"z":-0.004834175109863281},"rotation":{"x":-0.19776201248168946,"y":0.27148666977882388,"z":-0.057089243084192279,"w":-0.940214991569519},"size":16.048067092895509,"orthographic":false}