{"cameraMode":{"drawMode":0,"name":"Shaded","section":"Shading Mode"},"sceneLighting":false,"audioPlay":false,"sceneViewState":{"m_AlwaysRefresh":false,"showFog":true,"showSkybox":false,"showFlares":true,"showImageEffects":true,"showParticleSystems":true,"showVisualEffectGraphs":true,"m_FxEnabled":true},"in2DMode":false,"pivot":{"x":33.22907257080078,"y":1.8369064331054688,"z":51.886932373046878},"rotation":{"x":0.1432715803384781,"y":0.12318888306617737,"z":-0.01796611025929451,"w":0.9818366169929504},"size":0.6109243035316467,"orthographic":false}