{"cameraMode":{"drawMode":0,"name":"Shaded","section":"Shading Mode"},"sceneLighting":false,"audioPlay":false,"sceneViewState":{"m_AlwaysRefresh":false,"showFog":true,"showSkybox":false,"showFlares":true,"showImageEffects":true,"showParticleSystems":true,"showVisualEffectGraphs":true,"m_FxEnabled":true},"in2DMode":false,"pivot":{"x":62.69978713989258,"y":1.3699616193771363,"z":61.836795806884769},"rotation":{"x":0.10182264447212219,"y":0.7900923490524292,"z":-0.13684821128845216,"w":0.5889897346496582},"size":1.3145157098770142,"orthographic":false}