{"cameraMode":{"drawMode":0,"name":"Shaded","section":"Shading Mode"},"sceneLighting":false,"audioPlay":false,"sceneViewState":{"m_AlwaysRefresh":false,"showFog":true,"showSkybox":false,"showFlares":true,"showImageEffects":true,"showParticleSystems":true,"showVisualEffectGraphs":true,"m_FxEnabled":true},"in2DMode":false,"pivot":{"x":65.03628540039063,"y":2.4059998989105226,"z":75.23999786376953},"rotation":{"x":0.01572711393237114,"y":-0.2253665179014206,"z":-0.003499268554151058,"w":-0.9742634296417236},"size":0.12990032136440278,"orthographic":false}