{"cameraMode":{"drawMode":0,"name":"Shaded","section":"Shading Mode"},"sceneLighting":false,"audioPlay":false,"sceneViewState":{"m_AlwaysRefresh":false,"showFog":true,"showSkybox":false,"showFlares":true,"showImageEffects":true,"showParticleSystems":true,"showVisualEffectGraphs":true,"m_FxEnabled":true},"in2DMode":false,"pivot":{"x":57.2258415222168,"y":-0.03838624805212021,"z":82.80863189697266},"rotation":{"x":0.24094493687152863,"y":0.18381056189537049,"z":-0.04646027088165283,"w":0.9519498348236084},"size":3.7216506004333498,"orthographic":false}