{"cameraMode":{"drawMode":0,"name":"Shaded","section":"Shading Mode"},"sceneLighting":false,"audioPlay":false,"sceneViewState":{"m_AlwaysRefresh":false,"showFog":true,"showSkybox":false,"showFlares":true,"showImageEffects":true,"showParticleSystems":true,"showVisualEffectGraphs":true,"m_FxEnabled":true},"in2DMode":false,"pivot":{"x":-0.12797550857067109,"y":4.629467487335205,"z":-2.5024735927581789},"rotation":{"x":-0.4566429555416107,"y":-0.016813643276691438,"z":0.008634131401777268,"w":-0.889448344707489},"size":3.165740728378296,"orthographic":false}