{"cameraMode":{"drawMode":0,"name":"Shaded","section":"Shading Mode"},"sceneLighting":false,"audioPlay":false,"sceneViewState":{"m_AlwaysRefresh":false,"showFog":true,"showSkybox":false,"showFlares":true,"showImageEffects":true,"showParticleSystems":true,"showVisualEffectGraphs":true,"m_FxEnabled":true},"in2DMode":false,"pivot":{"x":0.05394744873046875,"y":-0.06645393371582031,"z":-0.05575084686279297},"rotation":{"x":0.2785836160182953,"y":-0.0043270280584692959,"z":0.0012665465474128724,"w":0.9604406356811523},"size":8.165071487426758,"orthographic":false}