{"cameraMode":{"drawMode":0,"name":"Shaded","section":"Shading Mode"},"sceneLighting":false,"audioPlay":false,"sceneViewState":{"m_AlwaysRefresh":false,"showFog":true,"showSkybox":false,"showFlares":true,"showImageEffects":true,"showParticleSystems":true,"showVisualEffectGraphs":true,"m_FxEnabled":true},"in2DMode":false,"pivot":{"x":61.84343719482422,"y":0.4578380584716797,"z":65.42127990722656},"rotation":{"x":0.12949877977371217,"y":-0.24116143584251405,"z":0.03244940936565399,"w":0.9613654017448425},"size":2.0660252571105959,"orthographic":false}