{"cameraMode":{"drawMode":0,"name":"Shaded","section":"Shading Mode"},"sceneLighting":false,"audioPlay":false,"sceneViewState":{"m_AlwaysRefresh":false,"showFog":true,"showSkybox":false,"showFlares":true,"showImageEffects":true,"showParticleSystems":true,"showVisualEffectGraphs":true,"m_FxEnabled":true},"in2DMode":false,"pivot":{"x":0.04999998211860657,"y":-0.5500000715255737,"z":-0.6000000834465027},"rotation":{"x":0.3477309048175812,"y":-0.10069745779037476,"z":0.03759324550628662,"w":0.931418240070343},"size":5.032051086425781,"orthographic":false}