{"cameraMode":{"drawMode":0,"name":"Shaded","section":"Shading Mode"},"sceneLighting":true,"audioPlay":false,"sceneViewState":{"m_AlwaysRefresh":false,"showFog":true,"showSkybox":true,"showFlares":true,"showImageEffects":true,"showParticleSystems":true,"showVisualEffectGraphs":true,"m_FxEnabled":true},"in2DMode":false,"pivot":{"x":33.227699279785159,"y":34.839744567871097,"z":31.87271499633789},"rotation":{"x":0.3733038008213043,"y":0.032280758023262027,"z":-0.012999114580452443,"w":0.927060604095459},"size":18.74022674560547,"orthographic":false}