{"cameraMode":{"drawMode":0,"name":"Shaded","section":"Shading Mode"},"sceneLighting":true,"audioPlay":false,"sceneViewState":{"m_AlwaysRefresh":false,"showFog":true,"showSkybox":true,"showFlares":true,"showImageEffects":true,"showParticleSystems":true,"showVisualEffectGraphs":true,"m_FxEnabled":true},"in2DMode":false,"pivot":{"x":41.940757751464847,"y":-0.9125895500183106,"z":52.92241287231445},"rotation":{"x":0.10150498151779175,"y":0.8241085410118103,"z":-0.15672484040260316,"w":0.5349079370498657},"size":6.054510116577148,"orthographic":false}